Course,DemoConducted,EngagementNo,Enrolled,EnrollmentNumber,Grade,MailId,StudentName,TeacherMapped
,,2009,No,,5,abc@xyz.com,Dinkey,
,,2010,No,,6,abc@xyz.com,Pradeep,
,,2015,No,,7,abc@xyz.com,Shubham,
,,2014,Yes,3013,7,abc@xyz.com,Reenu,3003
App Development,,2011,Yes,3010,6,abc@xyz.com,Vidhi,1001
App Development,No,2008,Yes,3009,5,abc@xyz.com,Priyanka,1001
App Development,No,2016,Yes,3014,8,abc@xyz.com,Pratik,1001
App Development,Yes,2001,Yes,3002,2,abc@xyz.com,Mohit,1001
App Development,Yes,2006,Yes,3007,5,abc@xyz.com,Lovejeet,1001
Game Development,Yes,2020,Yes,3018,8,abc@xyz.com,Pooja,1001
Web Development,No,2004,Yes,3005,3,abc@xyz.com,Yash,3003
Web Development,Yes,2000,Yes,3001,1,abc@xyz.com,Satyam,1001
Web Development,Yes,2002,Yes,3003,3,abc@xyz.com,Prakhar,1001
Web Development,Yes,2003,Yes,3004,2,abc@xyz.com,Anish,2002
Web Development,Yes,2005,Yes,3006,4,abc@xyz.com,Tejwant,1001
Web Development,Yes,2007,Yes,3008,5,abc@xyz.com,Komal,1001
Web Development,Yes,2012,Yes,3011,6,abc@xyz.com,Neha,1001
Web Development,Yes,2013,Yes,3012,7,abc@xyz.com,Angel,1001
Web Development,Yes,2017,Yes,3015,8,abc@xyz.com,Neelam,1001
Web Development,Yes,2018,Yes,3016,7,abc@xyz.com,Nora,1001
Web Development,Yes,2019,Yes,3017,8,abc@xyz.com,Aman,1001
